User,Item,Rating
User_1,Set Me Free,1
User_1,The Requiem Red,2
User_1,Olio,1
User_1,Scott Pilgrim's Precious Little Life (Scott Pilgrim #1),1
User_1,It's Only the Himalayas,5
User_1,"Our Band Could Be Your Life: Scenes from the American Indie Underground, 1981-1991",2
User_1,"Foolproof Preserving: A Guide to Small Batch Jams, Jellies, Pickles, Condiments, and More: A Foolproof Guide to Making Small Batch Jams, Jellies, Pickles, Condiments, and More",4
User_1,How Music Works,2
User_1,The Black Maria,4
User_1,The Boys in the Boat: Nine Americans and Their Epic Quest for Gold at the 1936 Berlin Olympics,5
User_1,Sapiens: A Brief History of Humankind,2
User_1,Shakespeare's Sonnets,1
User_1,A Light in the Attic,3
User_1,Chase Me (Paris Nights #2),3
User_1,Rip it Up and Start Again,4
User_1,Mesaerion: The Best Science Fiction Stories 1800-1849,1
User_1,In Her Wake,5
User_1,Soumission,1
User_1,Libertarianism for Beginners,2
User_1,"The Coming Woman: A Novel Based on the Life of the Infamous Feminist, Victoria Woodhull",1
User_1,Black Dust,2
User_1,Tipping the Velvet,2
User_2,"The Coming Woman: A Novel Based on the Life of the Infamous Feminist, Victoria Woodhull",5
User_2,Set Me Free,4
User_2,Mesaerion: The Best Science Fiction Stories 1800-1849,1
User_2,How Music Works,3
User_2,The Boys in the Boat: Nine Americans and Their Epic Quest for Gold at the 1936 Berlin Olympics,2
User_2,The Dirty Little Secrets of Getting Your Dream Job,1
User_2,"Starving Hearts (Triangular Trade Trilogy, #1)",1
User_2,Tipping the Velvet,1
User_2,Sharp Objects,4
User_2,"Our Band Could Be Your Life: Scenes from the American Indie Underground, 1981-1991",4
User_2,Chase Me (Paris Nights #2),2
User_2,Soumission,3
User_2,The Black Maria,1
User_2,Scott Pilgrim's Precious Little Life (Scott Pilgrim #1),5
User_2,Olio,3
User_2,Rip it Up and Start Again,3
User_2,A Light in the Attic,3
User_2,Libertarianism for Beginners,4
User_2,Shakespeare's Sonnets,5
User_2,The Requiem Red,2
User_2,Black Dust,5
User_2,Sapiens: A Brief History of Humankind,2
User_3,Mesaerion: The Best Science Fiction Stories 1800-1849,4
User_3,How Music Works,2
User_3,The Boys in the Boat: Nine Americans and Their Epic Quest for Gold at the 1936 Berlin Olympics,5
User_3,Sharp Objects,1
User_3,Libertarianism for Beginners,1
User_3,In Her Wake,1
User_3,"Foolproof Preserving: A Guide to Small Batch Jams, Jellies, Pickles, Condiments, and More: A Foolproof Guide to Making Small Batch Jams, Jellies, Pickles, Condiments, and More",1
User_3,"Our Band Could Be Your Life: Scenes from the American Indie Underground, 1981-1991",1
User_3,Chase Me (Paris Nights #2),3
User_3,Olio,2
User_3,Black Dust,2
User_3,Scott Pilgrim's Precious Little Life (Scott Pilgrim #1),4
User_3,A Light in the Attic,1
User_3,Soumission,3
User_3,It's Only the Himalayas,2
User_3,"The Coming Woman: A Novel Based on the Life of the Infamous Feminist, Victoria Woodhull",1
User_3,The Requiem Red,5
User_3,Sapiens: A Brief History of Humankind,2
User_3,"Starving Hearts (Triangular Trade Trilogy, #1)",1
User_3,The Dirty Little Secrets of Getting Your Dream Job,4
User_3,Shakespeare's Sonnets,1
User_3,Set Me Free,2
User_4,Black Dust,3
User_4,The Dirty Little Secrets of Getting Your Dream Job,3
User_4,Mesaerion: The Best Science Fiction Stories 1800-1849,4
User_4,In Her Wake,5
User_4,The Black Maria,3
User_4,Libertarianism for Beginners,2
User_4,"Foolproof Preserving: A Guide to Small Batch Jams, Jellies, Pickles, Condiments, and More: A Foolproof Guide to Making Small Batch Jams, Jellies, Pickles, Condiments, and More",3
User_4,Shakespeare's Sonnets,2
User_4,How Music Works,5
User_4,Soumission,1
User_4,It's Only the Himalayas,2
User_4,"Our Band Could Be Your Life: Scenes from the American Indie Underground, 1981-1991",1
User_4,The Requiem Red,4
User_4,A Light in the Attic,5
User_4,Olio,5
User_4,Chase Me (Paris Nights #2),1
User_4,Tipping the Velvet,1
User_4,Sharp Objects,2
User_4,Set Me Free,3
User_4,Sapiens: A Brief History of Humankind,2
User_4,"The Coming Woman: A Novel Based on the Life of the Infamous Feminist, Victoria Woodhull",1
User_4,Rip it Up and Start Again,4
User_5,The Boys in the Boat: Nine Americans and Their Epic Quest for Gold at the 1936 Berlin Olympics,2
User_5,"Starving Hearts (Triangular Trade Trilogy, #1)",4
User_5,Libertarianism for Beginners,1
User_5,"The Coming Woman: A Novel Based on the Life of the Infamous Feminist, Victoria Woodhull",2
User_5,Mesaerion: The Best Science Fiction Stories 1800-1849,1
User_5,"Foolproof Preserving: A Guide to Small Batch Jams, Jellies, Pickles, Condiments, and More: A Foolproof Guide to Making Small Batch Jams, Jellies, Pickles, Condiments, and More",2
User_5,Set Me Free,3
User_5,A Light in the Attic,4
User_5,The Dirty Little Secrets of Getting Your Dream Job,3
User_5,The Black Maria,2
User_5,"Our Band Could Be Your Life: Scenes from the American Indie Underground, 1981-1991",5
User_5,Black Dust,3
User_5,Chase Me (Paris Nights #2),1
User_5,In Her Wake,4
User_5,Rip it Up and Start Again,3
User_5,The Requiem Red,4
User_5,Sapiens: A Brief History of Humankind,1
User_5,Scott Pilgrim's Precious Little Life (Scott Pilgrim #1),5
User_5,Shakespeare's Sonnets,3
User_5,Olio,3
User_5,Tipping the Velvet,1
User_5,It's Only the Himalayas,1
User_6,"The Coming Woman: A Novel Based on the Life of the Infamous Feminist, Victoria Woodhull",2
User_6,Libertarianism for Beginners,3
User_6,Scott Pilgrim's Precious Little Life (Scott Pilgrim #1),4
User_6,Black Dust,2
User_6,It's Only the Himalayas,2
User_6,Sharp Objects,2
User_6,A Light in the Attic,5
User_6,In Her Wake,5
User_6,Sapiens: A Brief History of Humankind,1
User_6,The Dirty Little Secrets of Getting Your Dream Job,3
User_6,Mesaerion: The Best Science Fiction Stories 1800-1849,5
User_6,"Starving Hearts (Triangular Trade Trilogy, #1)",5
User_6,"Our Band Could Be Your Life: Scenes from the American Indie Underground, 1981-1991",5
User_6,Rip it Up and Start Again,4
User_6,Set Me Free,1
User_6,The Requiem Red,5
User_6,The Boys in the Boat: Nine Americans and Their Epic Quest for Gold at the 1936 Berlin Olympics,4
User_6,"Foolproof Preserving: A Guide to Small Batch Jams, Jellies, Pickles, Condiments, and More: A Foolproof Guide to Making Small Batch Jams, Jellies, Pickles, Condiments, and More",4
User_6,Chase Me (Paris Nights #2),4
User_6,Olio,5
User_6,Tipping the Velvet,2
User_6,How Music Works,2
User_7,"The Coming Woman: A Novel Based on the Life of the Infamous Feminist, Victoria Woodhull",3
User_7,"Foolproof Preserving: A Guide to Small Batch Jams, Jellies, Pickles, Condiments, and More: A Foolproof Guide to Making Small Batch Jams, Jellies, Pickles, Condiments, and More",3
User_7,Sharp Objects,3
User_7,The Boys in the Boat: Nine Americans and Their Epic Quest for Gold at the 1936 Berlin Olympics,2
User_7,Black Dust,4
User_7,A Light in the Attic,3
User_7,Set Me Free,3
User_7,Rip it Up and Start Again,4
User_7,The Dirty Little Secrets of Getting Your Dream Job,1
User_7,Libertarianism for Beginners,2
User_7,Shakespeare's Sonnets,2
User_7,Olio,4
User_7,In Her Wake,3
User_7,Tipping the Velvet,5
User_7,Sapiens: A Brief History of Humankind,1
User_7,"Starving Hearts (Triangular Trade Trilogy, #1)",5
User_7,It's Only the Himalayas,3
User_7,Scott Pilgrim's Precious Little Life (Scott Pilgrim #1),2
User_7,"Our Band Could Be Your Life: Scenes from the American Indie Underground, 1981-1991",4
User_7,The Black Maria,3
User_7,Mesaerion: The Best Science Fiction Stories 1800-1849,3
User_7,Soumission,1
User_8,In Her Wake,4
User_8,The Black Maria,2
User_8,Libertarianism for Beginners,2
User_8,"Foolproof Preserving: A Guide to Small Batch Jams, Jellies, Pickles, Condiments, and More: A Foolproof Guide to Making Small Batch Jams, Jellies, Pickles, Condiments, and More",1
User_8,Mesaerion: The Best Science Fiction Stories 1800-1849,4
User_8,How Music Works,3
User_8,Black Dust,4
User_8,Olio,5
User_8,Set Me Free,5
User_8,"The Coming Woman: A Novel Based on the Life of the Infamous Feminist, Victoria Woodhull",5
User_8,Sapiens: A Brief History of Humankind,3
User_8,Shakespeare's Sonnets,5
User_8,Sharp Objects,1
User_8,The Dirty Little Secrets of Getting Your Dream Job,5
User_8,It's Only the Himalayas,2
User_8,Chase Me (Paris Nights #2),1
User_8,"Our Band Could Be Your Life: Scenes from the American Indie Underground, 1981-1991",3
User_8,Rip it Up and Start Again,3
User_8,"Starving Hearts (Triangular Trade Trilogy, #1)",4
User_8,Tipping the Velvet,4
User_8,The Requiem Red,4
User_8,Scott Pilgrim's Precious Little Life (Scott Pilgrim #1),1
User_9,Soumission,3
User_9,A Light in the Attic,3
User_9,The Black Maria,3
User_9,"Starving Hearts (Triangular Trade Trilogy, #1)",3
User_9,The Boys in the Boat: Nine Americans and Their Epic Quest for Gold at the 1936 Berlin Olympics,5
User_9,"Our Band Could Be Your Life: Scenes from the American Indie Underground, 1981-1991",5
User_9,Shakespeare's Sonnets,4
User_9,In Her Wake,1
User_9,Mesaerion: The Best Science Fiction Stories 1800-1849,1
User_9,The Requiem Red,1
User_9,Set Me Free,2
User_9,Rip it Up and Start Again,5
User_9,The Dirty Little Secrets of Getting Your Dream Job,1
User_9,Sapiens: A Brief History of Humankind,4
User_9,"Foolproof Preserving: A Guide to Small Batch Jams, Jellies, Pickles, Condiments, and More: A Foolproof Guide to Making Small Batch Jams, Jellies, Pickles, Condiments, and More",5
User_9,It's Only the Himalayas,3
User_9,Olio,4
User_9,Sharp Objects,5
User_9,How Music Works,5
User_9,Black Dust,3
User_9,Scott Pilgrim's Precious Little Life (Scott Pilgrim #1),5
User_9,Libertarianism for Beginners,1
User_10,The Boys in the Boat: Nine Americans and Their Epic Quest for Gold at the 1936 Berlin Olympics,2
User_10,"Foolproof Preserving: A Guide to Small Batch Jams, Jellies, Pickles, Condiments, and More: A Foolproof Guide to Making Small Batch Jams, Jellies, Pickles, Condiments, and More",1
User_10,Rip it Up and Start Again,2
User_10,The Dirty Little Secrets of Getting Your Dream Job,3
User_10,Libertarianism for Beginners,2
User_10,Mesaerion: The Best Science Fiction Stories 1800-1849,1
User_10,Soumission,1
User_10,In Her Wake,5
User_10,Set Me Free,3
User_10,"Starving Hearts (Triangular Trade Trilogy, #1)",1
User_10,"Our Band Could Be Your Life: Scenes from the American Indie Underground, 1981-1991",4
User_10,Black Dust,1
User_10,Scott Pilgrim's Precious Little Life (Scott Pilgrim #1),3
User_10,Sapiens: A Brief History of Humankind,3
User_10,The Requiem Red,5
User_10,Chase Me (Paris Nights #2),3
User_10,How Music Works,4
User_10,Shakespeare's Sonnets,1
User_10,A Light in the Attic,3
User_10,The Black Maria,1
User_10,It's Only the Himalayas,1
User_10,Sharp Objects,1
User_11,The Black Maria,3
User_11,Chase Me (Paris Nights #2),1
User_11,"Our Band Could Be Your Life: Scenes from the American Indie Underground, 1981-1991",4
User_11,It's Only the Himalayas,3
User_11,Shakespeare's Sonnets,4
User_11,Soumission,1
User_11,The Dirty Little Secrets of Getting Your Dream Job,4
User_11,The Requiem Red,3
User_11,"Starving Hearts (Triangular Trade Trilogy, #1)",5
User_11,Tipping the Velvet,3
User_11,In Her Wake,1
User_11,How Music Works,5
User_11,Sapiens: A Brief History of Humankind,2
User_11,Scott Pilgrim's Precious Little Life (Scott Pilgrim #1),4
User_11,Sharp Objects,3
User_11,Mesaerion: The Best Science Fiction Stories 1800-1849,3
User_11,Olio,4
User_11,Set Me Free,4
User_11,Libertarianism for Beginners,1
User_11,"The Coming Woman: A Novel Based on the Life of the Infamous Feminist, Victoria Woodhull",1
User_11,Black Dust,2
User_11,"Foolproof Preserving: A Guide to Small Batch Jams, Jellies, Pickles, Condiments, and More: A Foolproof Guide to Making Small Batch Jams, Jellies, Pickles, Condiments, and More",4
User_12,Sharp Objects,1
User_12,"The Coming Woman: A Novel Based on the Life of the Infamous Feminist, Victoria Woodhull",4
User_12,"Foolproof Preserving: A Guide to Small Batch Jams, Jellies, Pickles, Condiments, and More: A Foolproof Guide to Making Small Batch Jams, Jellies, Pickles, Condiments, and More",3
User_12,"Starving Hearts (Triangular Trade Trilogy, #1)",3
User_12,A Light in the Attic,3
User_12,Mesaerion: The Best Science Fiction Stories 1800-1849,2
User_12,Libertarianism for Beginners,1
User_12,The Dirty Little Secrets of Getting Your Dream Job,4
User_12,It's Only the Himalayas,3
User_12,Scott Pilgrim's Precious Little Life (Scott Pilgrim #1),4
User_12,The Black Maria,3
User_12,The Boys in the Boat: Nine Americans and Their Epic Quest for Gold at the 1936 Berlin Olympics,5
User_12,Sapiens: A Brief History of Humankind,4
User_12,Rip it Up and Start Again,5
User_12,Set Me Free,3
User_12,Soumission,5
User_12,Olio,5
User_12,Tipping the Velvet,5
User_12,How Music Works,3
User_12,The Requiem Red,3
User_12,In Her Wake,1
User_12,Black Dust,1
User_13,Black Dust,1
User_13,The Black Maria,1
User_13,It's Only the Himalayas,5
User_13,Sapiens: A Brief History of Humankind,5
User_13,A Light in the Attic,3
User_13,"Our Band Could Be Your Life: Scenes from the American Indie Underground, 1981-1991",3
User_13,Libertarianism for Beginners,2
User_13,In Her Wake,2
User_13,Rip it Up and Start Again,4
User_13,Scott Pilgrim's Precious Little Life (Scott Pilgrim #1),3
User_13,Sharp Objects,4
User_13,"The Coming Woman: A Novel Based on the Life of the Infamous Feminist, Victoria Woodhull",2
User_13,Chase Me (Paris Nights #2),5
User_13,Olio,1
User_13,Soumission,2
User_13,Shakespeare's Sonnets,1
User_13,Mesaerion: The Best Science Fiction Stories 1800-1849,5
User_13,The Requiem Red,5
User_13,The Boys in the Boat: Nine Americans and Their Epic Quest for Gold at the 1936 Berlin Olympics,4
User_13,Tipping the Velvet,4
User_13,"Foolproof Preserving: A Guide to Small Batch Jams, Jellies, Pickles, Condiments, and More: A Foolproof Guide to Making Small Batch Jams, Jellies, Pickles, Condiments, and More",3
User_13,"Starving Hearts (Triangular Trade Trilogy, #1)",3
User_14,Libertarianism for Beginners,1
User_14,Scott Pilgrim's Precious Little Life (Scott Pilgrim #1),3
User_14,"The Coming Woman: A Novel Based on the Life of the Infamous Feminist, Victoria Woodhull",2
User_14,Sapiens: A Brief History of Humankind,3
User_14,Mesaerion: The Best Science Fiction Stories 1800-1849,1
User_14,Soumission,5
User_14,Rip it Up and Start Again,4
User_14,Sharp Objects,3
User_14,The Black Maria,4
User_14,Olio,4
User_14,Black Dust,1
User_14,Set Me Free,1
User_14,"Starving Hearts (Triangular Trade Trilogy, #1)",1
User_14,Tipping the Velvet,1
User_14,It's Only the Himalayas,1
User_14,"Our Band Could Be Your Life: Scenes from the American Indie Underground, 1981-1991",1
User_14,The Dirty Little Secrets of Getting Your Dream Job,3
User_14,Shakespeare's Sonnets,1
User_14,In Her Wake,5
User_14,A Light in the Attic,5
User_14,"Foolproof Preserving: A Guide to Small Batch Jams, Jellies, Pickles, Condiments, and More: A Foolproof Guide to Making Small Batch Jams, Jellies, Pickles, Condiments, and More",4
User_14,Chase Me (Paris Nights #2),5
User_15,A Light in the Attic,2
User_15,"Our Band Could Be Your Life: Scenes from the American Indie Underground, 1981-1991",5
User_15,"Foolproof Preserving: A Guide to Small Batch Jams, Jellies, Pickles, Condiments, and More: A Foolproof Guide to Making Small Batch Jams, Jellies, Pickles, Condiments, and More",4
User_15,Sharp Objects,1
User_15,The Boys in the Boat: Nine Americans and Their Epic Quest for Gold at the 1936 Berlin Olympics,3
User_15,Tipping the Velvet,4
User_15,The Dirty Little Secrets of Getting Your Dream Job,3
User_15,Scott Pilgrim's Precious Little Life (Scott Pilgrim #1),1
User_15,Shakespeare's Sonnets,4
User_15,Chase Me (Paris Nights #2),1
User_15,Mesaerion: The Best Science Fiction Stories 1800-1849,2
User_15,Sapiens: A Brief History of Humankind,1
User_15,"Starving Hearts (Triangular Trade Trilogy, #1)",1
User_15,The Requiem Red,2
User_15,Black Dust,1
User_15,The Black Maria,1
User_15,Libertarianism for Beginners,5
User_15,Soumission,4
User_15,It's Only the Himalayas,4
User_15,In Her Wake,4
User_15,How Music Works,2
User_15,"The Coming Woman: A Novel Based on the Life of the Infamous Feminist, Victoria Woodhull",3
User_16,Sapiens: A Brief History of Humankind,3
User_16,Rip it Up and Start Again,4
User_16,The Dirty Little Secrets of Getting Your Dream Job,4
User_16,How Music Works,5
User_16,Scott Pilgrim's Precious Little Life (Scott Pilgrim #1),5
User_16,"Starving Hearts (Triangular Trade Trilogy, #1)",2
User_16,Shakespeare's Sonnets,3
User_16,The Black Maria,1
User_16,Set Me Free,4
User_16,"Our Band Could Be Your Life: Scenes from the American Indie Underground, 1981-1991",3
User_16,Libertarianism for Beginners,1
User_16,It's Only the Himalayas,1
User_16,Mesaerion: The Best Science Fiction Stories 1800-1849,3
User_16,Olio,1
User_16,The Requiem Red,2
User_16,"Foolproof Preserving: A Guide to Small Batch Jams, Jellies, Pickles, Condiments, and More: A Foolproof Guide to Making Small Batch Jams, Jellies, Pickles, Condiments, and More",1
User_16,Tipping the Velvet,4
User_16,Black Dust,3
User_16,Chase Me (Paris Nights #2),2
User_16,Soumission,3
User_16,The Boys in the Boat: Nine Americans and Their Epic Quest for Gold at the 1936 Berlin Olympics,5
User_16,A Light in the Attic,5
User_17,Libertarianism for Beginners,2
User_17,Rip it Up and Start Again,1
User_17,The Requiem Red,1
User_17,The Black Maria,1
User_17,Black Dust,2
User_17,How Music Works,5
User_17,"Our Band Could Be Your Life: Scenes from the American Indie Underground, 1981-1991",2
User_17,"Foolproof Preserving: A Guide to Small Batch Jams, Jellies, Pickles, Condiments, and More: A Foolproof Guide to Making Small Batch Jams, Jellies, Pickles, Condiments, and More",1
User_17,In Her Wake,4
User_17,A Light in the Attic,5
User_17,Olio,1
User_17,The Dirty Little Secrets of Getting Your Dream Job,3
User_17,It's Only the Himalayas,3
User_17,Chase Me (Paris Nights #2),4
User_17,Set Me Free,5
User_17,"Starving Hearts (Triangular Trade Trilogy, #1)",5
User_17,Soumission,4
User_17,Tipping the Velvet,1
User_17,"The Coming Woman: A Novel Based on the Life of the Infamous Feminist, Victoria Woodhull",2
User_17,The Boys in the Boat: Nine Americans and Their Epic Quest for Gold at the 1936 Berlin Olympics,4
User_17,Sharp Objects,4
User_17,Mesaerion: The Best Science Fiction Stories 1800-1849,2
User_18,Shakespeare's Sonnets,3
User_18,Rip it Up and Start Again,4
User_18,Sharp Objects,3
User_18,"Our Band Could Be Your Life: Scenes from the American Indie Underground, 1981-1991",4
User_18,Scott Pilgrim's Precious Little Life (Scott Pilgrim #1),2
User_18,Tipping the Velvet,5
User_18,The Black Maria,1
User_18,Sapiens: A Brief History of Humankind,4
User_18,"The Coming Woman: A Novel Based on the Life of the Infamous Feminist, Victoria Woodhull",2
User_18,Libertarianism for Beginners,2
User_18,Soumission,1
User_18,Olio,1
User_18,How Music Works,1
User_18,It's Only the Himalayas,5
User_18,The Boys in the Boat: Nine Americans and Their Epic Quest for Gold at the 1936 Berlin Olympics,5
User_18,Mesaerion: The Best Science Fiction Stories 1800-1849,5
User_18,The Dirty Little Secrets of Getting Your Dream Job,5
User_18,"Starving Hearts (Triangular Trade Trilogy, #1)",2
User_18,Black Dust,3
User_18,"Foolproof Preserving: A Guide to Small Batch Jams, Jellies, Pickles, Condiments, and More: A Foolproof Guide to Making Small Batch Jams, Jellies, Pickles, Condiments, and More",3
User_18,In Her Wake,5
User_18,Chase Me (Paris Nights #2),1
User_19,How Music Works,4
User_19,Scott Pilgrim's Precious Little Life (Scott Pilgrim #1),5
User_19,"Foolproof Preserving: A Guide to Small Batch Jams, Jellies, Pickles, Condiments, and More: A Foolproof Guide to Making Small Batch Jams, Jellies, Pickles, Condiments, and More",4
User_19,Sapiens: A Brief History of Humankind,5
User_19,"Starving Hearts (Triangular Trade Trilogy, #1)",4
User_19,In Her Wake,2
User_19,It's Only the Himalayas,3
User_19,Rip it Up and Start Again,5
User_19,Chase Me (Paris Nights #2),1
User_19,"The Coming Woman: A Novel Based on the Life of the Infamous Feminist, Victoria Woodhull",1
User_19,The Dirty Little Secrets of Getting Your Dream Job,1
User_19,The Requiem Red,5
User_19,Sharp Objects,3
User_19,The Boys in the Boat: Nine Americans and Their Epic Quest for Gold at the 1936 Berlin Olympics,2
User_19,Black Dust,3
User_19,The Black Maria,2
User_19,Libertarianism for Beginners,2
User_19,A Light in the Attic,1
User_19,Shakespeare's Sonnets,1
User_19,"Our Band Could Be Your Life: Scenes from the American Indie Underground, 1981-1991",3
User_19,Olio,3
User_19,Tipping the Velvet,5
User_20,Olio,1
User_20,Sharp Objects,4
User_20,In Her Wake,5
User_20,"The Coming Woman: A Novel Based on the Life of the Infamous Feminist, Victoria Woodhull",2
User_20,The Dirty Little Secrets of Getting Your Dream Job,2
User_20,The Black Maria,1
User_20,Black Dust,4
User_20,How Music Works,1
User_20,A Light in the Attic,1
User_20,Rip it Up and Start Again,5
User_20,Shakespeare's Sonnets,4
User_20,Libertarianism for Beginners,2
User_20,"Foolproof Preserving: A Guide to Small Batch Jams, Jellies, Pickles, Condiments, and More: A Foolproof Guide to Making Small Batch Jams, Jellies, Pickles, Condiments, and More",5
User_20,The Requiem Red,3
User_20,Chase Me (Paris Nights #2),5
User_20,"Our Band Could Be Your Life: Scenes from the American Indie Underground, 1981-1991",1
User_20,Tipping the Velvet,1
User_20,The Boys in the Boat: Nine Americans and Their Epic Quest for Gold at the 1936 Berlin Olympics,2
User_20,Soumission,2
User_20,Scott Pilgrim's Precious Little Life (Scott Pilgrim #1),5
User_20,It's Only the Himalayas,1
User_20,Mesaerion: The Best Science Fiction Stories 1800-1849,2
User_21,Set Me Free,2
User_21,In Her Wake,5
User_21,"Starving Hearts (Triangular Trade Trilogy, #1)",4
User_21,Sapiens: A Brief History of Humankind,3
User_21,Libertarianism for Beginners,1
User_21,Tipping the Velvet,1
User_21,"Foolproof Preserving: A Guide to Small Batch Jams, Jellies, Pickles, Condiments, and More: A Foolproof Guide to Making Small Batch Jams, Jellies, Pickles, Condiments, and More",3
User_21,The Dirty Little Secrets of Getting Your Dream Job,3
User_21,A Light in the Attic,5
User_21,Soumission,3
User_21,Sharp Objects,4
User_21,How Music Works,5
User_21,"Our Band Could Be Your Life: Scenes from the American Indie Underground, 1981-1991",5
User_21,The Boys in the Boat: Nine Americans and Their Epic Quest for Gold at the 1936 Berlin Olympics,1
User_21,It's Only the Himalayas,4
User_21,Chase Me (Paris Nights #2),1
User_21,Black Dust,1
User_21,Scott Pilgrim's Precious Little Life (Scott Pilgrim #1),2
User_21,Shakespeare's Sonnets,4
User_21,Mesaerion: The Best Science Fiction Stories 1800-1849,5
User_21,Olio,2
User_21,"The Coming Woman: A Novel Based on the Life of the Infamous Feminist, Victoria Woodhull",4
User_22,Soumission,3
User_22,Sapiens: A Brief History of Humankind,4
User_22,Black Dust,3
User_22,The Requiem Red,2
User_22,Scott Pilgrim's Precious Little Life (Scott Pilgrim #1),3
User_22,The Dirty Little Secrets of Getting Your Dream Job,2
User_22,In Her Wake,2
User_22,Mesaerion: The Best Science Fiction Stories 1800-1849,5
User_22,Chase Me (Paris Nights #2),3
User_22,Rip it Up and Start Again,4
User_22,Tipping the Velvet,3
User_22,"The Coming Woman: A Novel Based on the Life of the Infamous Feminist, Victoria Woodhull",2
User_22,Set Me Free,1
User_22,"Foolproof Preserving: A Guide to Small Batch Jams, Jellies, Pickles, Condiments, and More: A Foolproof Guide to Making Small Batch Jams, Jellies, Pickles, Condiments, and More",5
User_22,"Starving Hearts (Triangular Trade Trilogy, #1)",1
User_22,Libertarianism for Beginners,5
User_22,It's Only the Himalayas,5
User_22,How Music Works,3
User_22,Sharp Objects,1
User_22,A Light in the Attic,5
User_22,The Boys in the Boat: Nine Americans and Their Epic Quest for Gold at the 1936 Berlin Olympics,2
User_22,Shakespeare's Sonnets,3
User_23,"Starving Hearts (Triangular Trade Trilogy, #1)",3
User_23,Libertarianism for Beginners,5
User_23,A Light in the Attic,3
User_23,Chase Me (Paris Nights #2),1
User_23,Sharp Objects,3
User_23,How Music Works,5
User_23,The Black Maria,2
User_23,Tipping the Velvet,5
User_23,Set Me Free,5
User_23,Olio,2
User_23,Soumission,3
User_23,The Requiem Red,4
User_23,Rip it Up and Start Again,3
User_23,Sapiens: A Brief History of Humankind,3
User_23,It's Only the Himalayas,5
User_23,Black Dust,4
User_23,In Her Wake,5
User_23,Shakespeare's Sonnets,3
User_23,The Dirty Little Secrets of Getting Your Dream Job,1
User_23,"Our Band Could Be Your Life: Scenes from the American Indie Underground, 1981-1991",3
User_23,"Foolproof Preserving: A Guide to Small Batch Jams, Jellies, Pickles, Condiments, and More: A Foolproof Guide to Making Small Batch Jams, Jellies, Pickles, Condiments, and More",1
User_23,"The Coming Woman: A Novel Based on the Life of the Infamous Feminist, Victoria Woodhull",5
User_24,Set Me Free,1
User_24,"Starving Hearts (Triangular Trade Trilogy, #1)",1
User_24,Sapiens: A Brief History of Humankind,2
User_24,Scott Pilgrim's Precious Little Life (Scott Pilgrim #1),1
User_24,Black Dust,1
User_24,"Foolproof Preserving: A Guide to Small Batch Jams, Jellies, Pickles, Condiments, and More: A Foolproof Guide to Making Small Batch Jams, Jellies, Pickles, Condiments, and More",5
User_24,It's Only the Himalayas,5
User_24,The Dirty Little Secrets of Getting Your Dream Job,2
User_24,Sharp Objects,3
User_24,Tipping the Velvet,4
User_24,How Music Works,4
User_24,In Her Wake,2
User_24,Soumission,5
User_24,The Black Maria,2
User_24,Libertarianism for Beginners,2
User_24,Shakespeare's Sonnets,2
User_24,Mesaerion: The Best Science Fiction Stories 1800-1849,4
User_24,The Requiem Red,4
User_24,Chase Me (Paris Nights #2),2
User_24,The Boys in the Boat: Nine Americans and Their Epic Quest for Gold at the 1936 Berlin Olympics,4
User_24,Olio,1
User_24,A Light in the Attic,4
User_25,Chase Me (Paris Nights #2),2
User_25,Soumission,3
User_25,The Dirty Little Secrets of Getting Your Dream Job,3
User_25,Libertarianism for Beginners,1
User_25,The Boys in the Boat: Nine Americans and Their Epic Quest for Gold at the 1936 Berlin Olympics,3
User_25,A Light in the Attic,1
User_25,It's Only the Himalayas,5
User_25,The Requiem Red,5
User_25,"The Coming Woman: A Novel Based on the Life of the Infamous Feminist, Victoria Woodhull",1
User_25,The Black Maria,4
User_25,How Music Works,3
User_25,Mesaerion: The Best Science Fiction Stories 1800-1849,1
User_25,Tipping the Velvet,5
User_25,"Starving Hearts (Triangular Trade Trilogy, #1)",1
User_25,Black Dust,5
User_25,Set Me Free,1
User_25,Shakespeare's Sonnets,4
User_25,Sapiens: A Brief History of Humankind,5
User_25,Sharp Objects,3
User_25,"Our Band Could Be Your Life: Scenes from the American Indie Underground, 1981-1991",5
User_25,"Foolproof Preserving: A Guide to Small Batch Jams, Jellies, Pickles, Condiments, and More: A Foolproof Guide to Making Small Batch Jams, Jellies, Pickles, Condiments, and More",5
User_25,Scott Pilgrim's Precious Little Life (Scott Pilgrim #1),5
User_26,How Music Works,5
User_26,"The Coming Woman: A Novel Based on the Life of the Infamous Feminist, Victoria Woodhull",3
User_26,Sharp Objects,4
User_26,Shakespeare's Sonnets,5
User_26,Sapiens: A Brief History of Humankind,4
User_26,"Our Band Could Be Your Life: Scenes from the American Indie Underground, 1981-1991",4
User_26,Libertarianism for Beginners,2
User_26,Rip it Up and Start Again,4
User_26,"Starving Hearts (Triangular Trade Trilogy, #1)",4
User_26,The Dirty Little Secrets of Getting Your Dream Job,5
User_26,"Foolproof Preserving: A Guide to Small Batch Jams, Jellies, Pickles, Condiments, and More: A Foolproof Guide to Making Small Batch Jams, Jellies, Pickles, Condiments, and More",2
User_26,The Black Maria,4
User_26,Olio,3
User_26,The Requiem Red,3
User_26,Black Dust,2
User_26,Soumission,3
User_26,Set Me Free,3
User_26,Chase Me (Paris Nights #2),4
User_26,It's Only the Himalayas,1
User_26,A Light in the Attic,2
User_26,Mesaerion: The Best Science Fiction Stories 1800-1849,3
User_26,Tipping the Velvet,5
User_27,Scott Pilgrim's Precious Little Life (Scott Pilgrim #1),3
User_27,How Music Works,2
User_27,Chase Me (Paris Nights #2),5
User_27,Tipping the Velvet,2
User_27,"Our Band Could Be Your Life: Scenes from the American Indie Underground, 1981-1991",2
User_27,It's Only the Himalayas,5
User_27,In Her Wake,1
User_27,A Light in the Attic,2
User_27,Sharp Objects,5
User_27,"The Coming Woman: A Novel Based on the Life of the Infamous Feminist, Victoria Woodhull",1
User_27,Soumission,4
User_27,Libertarianism for Beginners,2
User_27,Rip it Up and Start Again,4
User_27,"Foolproof Preserving: A Guide to Small Batch Jams, Jellies, Pickles, Condiments, and More: A Foolproof Guide to Making Small Batch Jams, Jellies, Pickles, Condiments, and More",4
User_27,Olio,2
User_27,Set Me Free,4
User_27,"Starving Hearts (Triangular Trade Trilogy, #1)",1
User_27,Sapiens: A Brief History of Humankind,4
User_27,Shakespeare's Sonnets,4
User_27,The Black Maria,4
User_27,Black Dust,5
User_27,The Requiem Red,5
User_28,A Light in the Attic,1
User_28,The Dirty Little Secrets of Getting Your Dream Job,5
User_28,Tipping the Velvet,4
User_28,The Black Maria,3
User_28,Sharp Objects,4
User_28,Mesaerion: The Best Science Fiction Stories 1800-1849,4
User_28,Scott Pilgrim's Precious Little Life (Scott Pilgrim #1),1
User_28,Libertarianism for Beginners,3
User_28,"The Coming Woman: A Novel Based on the Life of the Infamous Feminist, Victoria Woodhull",4
User_28,Black Dust,2
User_28,Sapiens: A Brief History of Humankind,5
User_28,It's Only the Himalayas,3
User_28,Chase Me (Paris Nights #2),2
User_28,How Music Works,5
User_28,"Starving Hearts (Triangular Trade Trilogy, #1)",1
User_28,The Boys in the Boat: Nine Americans and Their Epic Quest for Gold at the 1936 Berlin Olympics,5
User_28,The Requiem Red,5
User_28,Set Me Free,1
User_28,Soumission,1
User_28,Shakespeare's Sonnets,5
User_28,Rip it Up and Start Again,4
User_28,"Foolproof Preserving: A Guide to Small Batch Jams, Jellies, Pickles, Condiments, and More: A Foolproof Guide to Making Small Batch Jams, Jellies, Pickles, Condiments, and More",1
User_29,Olio,3
User_29,How Music Works,4
User_29,Shakespeare's Sonnets,3
User_29,Chase Me (Paris Nights #2),1
User_29,Soumission,5
User_29,The Dirty Little Secrets of Getting Your Dream Job,2
User_29,The Black Maria,3
User_29,The Boys in the Boat: Nine Americans and Their Epic Quest for Gold at the 1936 Berlin Olympics,1
User_29,"Our Band Could Be Your Life: Scenes from the American Indie Underground, 1981-1991",5
User_29,Rip it Up and Start Again,5
User_29,"Starving Hearts (Triangular Trade Trilogy, #1)",1
User_29,It's Only the Himalayas,4
User_29,A Light in the Attic,5
User_29,Tipping the Velvet,3
User_29,Mesaerion: The Best Science Fiction Stories 1800-1849,5
User_29,"The Coming Woman: A Novel Based on the Life of the Infamous Feminist, Victoria Woodhull",2
User_29,Black Dust,5
User_29,Sapiens: A Brief History of Humankind,3
User_29,"Foolproof Preserving: A Guide to Small Batch Jams, Jellies, Pickles, Condiments, and More: A Foolproof Guide to Making Small Batch Jams, Jellies, Pickles, Condiments, and More",3
User_29,Scott Pilgrim's Precious Little Life (Scott Pilgrim #1),1
User_29,The Requiem Red,1
User_29,Sharp Objects,5
User_30,"Our Band Could Be Your Life: Scenes from the American Indie Underground, 1981-1991",3
User_30,A Light in the Attic,1
User_30,How Music Works,3
User_30,Set Me Free,1
User_30,Sapiens: A Brief History of Humankind,5
User_30,Sharp Objects,4
User_30,Mesaerion: The Best Science Fiction Stories 1800-1849,5
User_30,"Foolproof Preserving: A Guide to Small Batch Jams, Jellies, Pickles, Condiments, and More: A Foolproof Guide to Making Small Batch Jams, Jellies, Pickles, Condiments, and More",1
User_30,The Requiem Red,2
User_30,Scott Pilgrim's Precious Little Life (Scott Pilgrim #1),3
User_30,In Her Wake,3
User_30,The Dirty Little Secrets of Getting Your Dream Job,4
User_30,The Boys in the Boat: Nine Americans and Their Epic Quest for Gold at the 1936 Berlin Olympics,4
User_30,Rip it Up and Start Again,4
User_30,Chase Me (Paris Nights #2),4
User_30,The Black Maria,4
User_30,Soumission,5
User_30,It's Only the Himalayas,2
User_30,Shakespeare's Sonnets,5
User_30,Libertarianism for Beginners,5
User_30,Olio,5
User_30,"Starving Hearts (Triangular Trade Trilogy, #1)",2
User_31,In Her Wake,3
User_31,"Starving Hearts (Triangular Trade Trilogy, #1)",4
User_31,Libertarianism for Beginners,1
User_31,Olio,2
User_31,It's Only the Himalayas,2
User_31,Sapiens: A Brief History of Humankind,1
User_31,A Light in the Attic,1
User_31,The Black Maria,1
User_31,Shakespeare's Sonnets,2
User_31,Rip it Up and Start Again,1
User_31,Chase Me (Paris Nights #2),5
User_31,The Requiem Red,3
User_31,Sharp Objects,4
User_31,Set Me Free,3
User_31,"Our Band Could Be Your Life: Scenes from the American Indie Underground, 1981-1991",1
User_31,Mesaerion: The Best Science Fiction Stories 1800-1849,1
User_31,How Music Works,1
User_31,Soumission,4
User_31,The Dirty Little Secrets of Getting Your Dream Job,5
User_31,"The Coming Woman: A Novel Based on the Life of the Infamous Feminist, Victoria Woodhull",1
User_31,"Foolproof Preserving: A Guide to Small Batch Jams, Jellies, Pickles, Condiments, and More: A Foolproof Guide to Making Small Batch Jams, Jellies, Pickles, Condiments, and More",4
User_31,Tipping the Velvet,1
User_32,Libertarianism for Beginners,4
User_32,The Requiem Red,2
User_32,Scott Pilgrim's Precious Little Life (Scott Pilgrim #1),5
User_32,The Black Maria,4
User_32,Mesaerion: The Best Science Fiction Stories 1800-1849,4
User_32,The Boys in the Boat: Nine Americans and Their Epic Quest for Gold at the 1936 Berlin Olympics,2
User_32,Sapiens: A Brief History of Humankind,4
User_32,Chase Me (Paris Nights #2),5
User_32,The Dirty Little Secrets of Getting Your Dream Job,5
User_32,A Light in the Attic,5
User_32,"The Coming Woman: A Novel Based on the Life of the Infamous Feminist, Victoria Woodhull",5
User_32,Black Dust,1
User_32,Rip it Up and Start Again,2
User_32,It's Only the Himalayas,5
User_32,Shakespeare's Sonnets,1
User_32,Tipping the Velvet,3
User_32,"Starving Hearts (Triangular Trade Trilogy, #1)",4
User_32,"Foolproof Preserving: A Guide to Small Batch Jams, Jellies, Pickles, Condiments, and More: A Foolproof Guide to Making Small Batch Jams, Jellies, Pickles, Condiments, and More",3
User_32,Sharp Objects,2
User_32,Soumission,5
User_32,"Our Band Could Be Your Life: Scenes from the American Indie Underground, 1981-1991",4
User_32,In Her Wake,5
User_33,Set Me Free,2
User_33,Black Dust,3
User_33,Libertarianism for Beginners,1
User_33,Rip it Up and Start Again,5
User_33,A Light in the Attic,1
User_33,It's Only the Himalayas,1
User_33,"Starving Hearts (Triangular Trade Trilogy, #1)",1
User_33,Soumission,5
User_33,"The Coming Woman: A Novel Based on the Life of the Infamous Feminist, Victoria Woodhull",4
User_33,"Foolproof Preserving: A Guide to Small Batch Jams, Jellies, Pickles, Condiments, and More: A Foolproof Guide to Making Small Batch Jams, Jellies, Pickles, Condiments, and More",1
User_33,Shakespeare's Sonnets,2
User_33,How Music Works,4
User_33,Scott Pilgrim's Precious Little Life (Scott Pilgrim #1),2
User_33,The Black Maria,5
User_33,Sapiens: A Brief History of Humankind,2
User_33,Sharp Objects,3
User_33,Olio,3
User_33,Tipping the Velvet,3
User_33,Mesaerion: The Best Science Fiction Stories 1800-1849,5
User_33,The Dirty Little Secrets of Getting Your Dream Job,4
User_33,Chase Me (Paris Nights #2),3
User_33,The Requiem Red,2
User_34,Olio,4
User_34,"The Coming Woman: A Novel Based on the Life of the Infamous Feminist, Victoria Woodhull",2
User_34,Shakespeare's Sonnets,5
User_34,Rip it Up and Start Again,3
User_34,"Our Band Could Be Your Life: Scenes from the American Indie Underground, 1981-1991",1
User_34,Scott Pilgrim's Precious Little Life (Scott Pilgrim #1),4
User_34,"Foolproof Preserving: A Guide to Small Batch Jams, Jellies, Pickles, Condiments, and More: A Foolproof Guide to Making Small Batch Jams, Jellies, Pickles, Condiments, and More",5
User_34,Chase Me (Paris Nights #2),1
User_34,The Dirty Little Secrets of Getting Your Dream Job,5
User_34,Sharp Objects,3
User_34,Set Me Free,1
User_34,Libertarianism for Beginners,5
User_34,Soumission,5
User_34,The Black Maria,2
User_34,Sapiens: A Brief History of Humankind,2
User_34,Tipping the Velvet,4
User_34,In Her Wake,3
User_34,A Light in the Attic,1
User_34,Mesaerion: The Best Science Fiction Stories 1800-1849,2
User_34,The Boys in the Boat: Nine Americans and Their Epic Quest for Gold at the 1936 Berlin Olympics,4
User_34,How Music Works,4
User_34,It's Only the Himalayas,4
User_35,Sapiens: A Brief History of Humankind,1
User_35,Tipping the Velvet,4
User_35,Chase Me (Paris Nights #2),5
User_35,Shakespeare's Sonnets,3
User_35,Scott Pilgrim's Precious Little Life (Scott Pilgrim #1),1
User_35,Soumission,5
User_35,The Black Maria,4
User_35,It's Only the Himalayas,2
User_35,Rip it Up and Start Again,5
User_35,Black Dust,5
User_35,Mesaerion: The Best Science Fiction Stories 1800-1849,5
User_35,The Dirty Little Secrets of Getting Your Dream Job,2
User_35,"Our Band Could Be Your Life: Scenes from the American Indie Underground, 1981-1991",3
User_35,How Music Works,1
User_35,"The Coming Woman: A Novel Based on the Life of the Infamous Feminist, Victoria Woodhull",3
User_35,Sharp Objects,2
User_35,Set Me Free,2
User_35,In Her Wake,2
User_35,"Starving Hearts (Triangular Trade Trilogy, #1)",1
User_35,The Requiem Red,2
User_35,Olio,3
User_35,The Boys in the Boat: Nine Americans and Their Epic Quest for Gold at the 1936 Berlin Olympics,5
User_36,It's Only the Himalayas,2
User_36,Sapiens: A Brief History of Humankind,1
User_36,The Boys in the Boat: Nine Americans and Their Epic Quest for Gold at the 1936 Berlin Olympics,2
User_36,"Our Band Could Be Your Life: Scenes from the American Indie Underground, 1981-1991",2
User_36,Set Me Free,3
User_36,"Starving Hearts (Triangular Trade Trilogy, #1)",4
User_36,The Dirty Little Secrets of Getting Your Dream Job,2
User_36,The Black Maria,5
User_36,Tipping the Velvet,3
User_36,A Light in the Attic,1
User_36,How Music Works,4
User_36,Scott Pilgrim's Precious Little Life (Scott Pilgrim #1),1
User_36,"The Coming Woman: A Novel Based on the Life of the Infamous Feminist, Victoria Woodhull",4
User_36,Libertarianism for Beginners,1
User_36,"Foolproof Preserving: A Guide to Small Batch Jams, Jellies, Pickles, Condiments, and More: A Foolproof Guide to Making Small Batch Jams, Jellies, Pickles, Condiments, and More",5
User_36,In Her Wake,5
User_36,Black Dust,5
User_36,Rip it Up and Start Again,3
User_36,Olio,1
User_36,Soumission,5
User_36,Chase Me (Paris Nights #2),3
User_36,Shakespeare's Sonnets,2
User_37,Tipping the Velvet,1
User_37,Chase Me (Paris Nights #2),3
User_37,How Music Works,1
User_37,Scott Pilgrim's Precious Little Life (Scott Pilgrim #1),5
User_37,A Light in the Attic,3
User_37,Sharp Objects,5
User_37,"Foolproof Preserving: A Guide to Small Batch Jams, Jellies, Pickles, Condiments, and More: A Foolproof Guide to Making Small Batch Jams, Jellies, Pickles, Condiments, and More",4
User_37,"Starving Hearts (Triangular Trade Trilogy, #1)",1
User_37,The Dirty Little Secrets of Getting Your Dream Job,2
User_37,The Boys in the Boat: Nine Americans and Their Epic Quest for Gold at the 1936 Berlin Olympics,5
User_37,The Black Maria,1
User_37,Soumission,2
User_37,Olio,5
User_37,Sapiens: A Brief History of Humankind,2
User_37,Black Dust,2
User_37,Rip it Up and Start Again,1
User_37,Libertarianism for Beginners,5
User_37,Mesaerion: The Best Science Fiction Stories 1800-1849,3
User_37,"The Coming Woman: A Novel Based on the Life of the Infamous Feminist, Victoria Woodhull",3
User_37,In Her Wake,2
User_37,The Requiem Red,5
User_37,It's Only the Himalayas,3
User_38,"Starving Hearts (Triangular Trade Trilogy, #1)",3
User_38,Black Dust,5
User_38,Soumission,1
User_38,Chase Me (Paris Nights #2),3
User_38,The Requiem Red,5
User_38,Mesaerion: The Best Science Fiction Stories 1800-1849,5
User_38,A Light in the Attic,5
User_38,In Her Wake,5
User_38,Sapiens: A Brief History of Humankind,4
User_38,The Dirty Little Secrets of Getting Your Dream Job,5
User_38,Libertarianism for Beginners,5
User_38,Set Me Free,4
User_38,"Our Band Could Be Your Life: Scenes from the American Indie Underground, 1981-1991",2
User_38,Rip it Up and Start Again,2
User_38,The Boys in the Boat: Nine Americans and Their Epic Quest for Gold at the 1936 Berlin Olympics,3
User_38,Sharp Objects,1
User_38,"Foolproof Preserving: A Guide to Small Batch Jams, Jellies, Pickles, Condiments, and More: A Foolproof Guide to Making Small Batch Jams, Jellies, Pickles, Condiments, and More",2
User_38,"The Coming Woman: A Novel Based on the Life of the Infamous Feminist, Victoria Woodhull",3
User_38,Tipping the Velvet,2
User_38,How Music Works,4
User_38,It's Only the Himalayas,1
User_38,Olio,1
User_39,Shakespeare's Sonnets,5
User_39,Mesaerion: The Best Science Fiction Stories 1800-1849,4
User_39,In Her Wake,2
User_39,How Music Works,3
User_39,"The Coming Woman: A Novel Based on the Life of the Infamous Feminist, Victoria Woodhull",2
User_39,"Our Band Could Be Your Life: Scenes from the American Indie Underground, 1981-1991",5
User_39,Rip it Up and Start Again,4
User_39,Set Me Free,3
User_39,Sapiens: A Brief History of Humankind,4
User_39,Sharp Objects,4
User_39,A Light in the Attic,5
User_39,Black Dust,1
User_39,Tipping the Velvet,5
User_39,It's Only the Himalayas,2
User_39,Scott Pilgrim's Precious Little Life (Scott Pilgrim #1),2
User_39,The Black Maria,2
User_39,The Boys in the Boat: Nine Americans and Their Epic Quest for Gold at the 1936 Berlin Olympics,1
User_39,Soumission,4
User_39,Libertarianism for Beginners,3
User_39,The Requiem Red,3
User_39,Chase Me (Paris Nights #2),1
User_39,"Foolproof Preserving: A Guide to Small Batch Jams, Jellies, Pickles, Condiments, and More: A Foolproof Guide to Making Small Batch Jams, Jellies, Pickles, Condiments, and More",4
User_40,Set Me Free,3
User_40,The Boys in the Boat: Nine Americans and Their Epic Quest for Gold at the 1936 Berlin Olympics,2
User_40,Olio,3
User_40,Black Dust,3
User_40,A Light in the Attic,5
User_40,The Dirty Little Secrets of Getting Your Dream Job,1
User_40,Sapiens: A Brief History of Humankind,1
User_40,"The Coming Woman: A Novel Based on the Life of the Infamous Feminist, Victoria Woodhull",2
User_40,Libertarianism for Beginners,4
User_40,"Foolproof Preserving: A Guide to Small Batch Jams, Jellies, Pickles, Condiments, and More: A Foolproof Guide to Making Small Batch Jams, Jellies, Pickles, Condiments, and More",5
User_40,It's Only the Himalayas,3
User_40,Soumission,2
User_40,Rip it Up and Start Again,2
User_40,The Requiem Red,1
User_40,Mesaerion: The Best Science Fiction Stories 1800-1849,1
User_40,Scott Pilgrim's Precious Little Life (Scott Pilgrim #1),3
User_40,The Black Maria,2
User_40,In Her Wake,4
User_40,Tipping the Velvet,1
User_40,How Music Works,2
User_40,"Starving Hearts (Triangular Trade Trilogy, #1)",5
User_40,"Our Band Could Be Your Life: Scenes from the American Indie Underground, 1981-1991",4
User_41,How Music Works,2
User_41,The Requiem Red,5
User_41,Rip it Up and Start Again,2
User_41,"Foolproof Preserving: A Guide to Small Batch Jams, Jellies, Pickles, Condiments, and More: A Foolproof Guide to Making Small Batch Jams, Jellies, Pickles, Condiments, and More",4
User_41,Tipping the Velvet,2
User_41,Set Me Free,4
User_41,The Dirty Little Secrets of Getting Your Dream Job,3
User_41,Chase Me (Paris Nights #2),2
User_41,Scott Pilgrim's Precious Little Life (Scott Pilgrim #1),1
User_41,Olio,2
User_41,Sharp Objects,1
User_41,Libertarianism for Beginners,5
User_41,The Boys in the Boat: Nine Americans and Their Epic Quest for Gold at the 1936 Berlin Olympics,1
User_41,Sapiens: A Brief History of Humankind,3
User_41,Black Dust,1
User_41,A Light in the Attic,1
User_41,In Her Wake,2
User_41,Mesaerion: The Best Science Fiction Stories 1800-1849,3
User_41,"Starving Hearts (Triangular Trade Trilogy, #1)",1
User_41,It's Only the Himalayas,2
User_41,"The Coming Woman: A Novel Based on the Life of the Infamous Feminist, Victoria Woodhull",1
User_41,Shakespeare's Sonnets,3
User_42,Set Me Free,2
User_42,Tipping the Velvet,5
User_42,Rip it Up and Start Again,3
User_42,"Foolproof Preserving: A Guide to Small Batch Jams, Jellies, Pickles, Condiments, and More: A Foolproof Guide to Making Small Batch Jams, Jellies, Pickles, Condiments, and More",4
User_42,A Light in the Attic,2
User_42,Sharp Objects,5
User_42,Mesaerion: The Best Science Fiction Stories 1800-1849,5
User_42,In Her Wake,5
User_42,The Black Maria,2
User_42,Soumission,3
User_42,"The Coming Woman: A Novel Based on the Life of the Infamous Feminist, Victoria Woodhull",3
User_42,Libertarianism for Beginners,1
User_42,"Our Band Could Be Your Life: Scenes from the American Indie Underground, 1981-1991",3
User_42,Chase Me (Paris Nights #2),4
User_42,Sapiens: A Brief History of Humankind,1
User_42,Olio,4
User_42,Black Dust,1
User_42,How Music Works,5
User_42,The Requiem Red,4
User_42,"Starving Hearts (Triangular Trade Trilogy, #1)",3
User_42,The Dirty Little Secrets of Getting Your Dream Job,3
User_42,Scott Pilgrim's Precious Little Life (Scott Pilgrim #1),5
User_43,The Requiem Red,2
User_43,The Black Maria,2
User_43,Sapiens: A Brief History of Humankind,3
User_43,Chase Me (Paris Nights #2),3
User_43,"Starving Hearts (Triangular Trade Trilogy, #1)",2
User_43,Soumission,3
User_43,Scott Pilgrim's Precious Little Life (Scott Pilgrim #1),3
User_43,"The Coming Woman: A Novel Based on the Life of the Infamous Feminist, Victoria Woodhull",1
User_43,Sharp Objects,2
User_43,Olio,4
User_43,"Foolproof Preserving: A Guide to Small Batch Jams, Jellies, Pickles, Condiments, and More: A Foolproof Guide to Making Small Batch Jams, Jellies, Pickles, Condiments, and More",4
User_43,Set Me Free,5
User_43,A Light in the Attic,1
User_43,It's Only the Himalayas,3
User_43,In Her Wake,3
User_43,Libertarianism for Beginners,2
User_43,Shakespeare's Sonnets,1
User_43,"Our Band Could Be Your Life: Scenes from the American Indie Underground, 1981-1991",3
User_43,Black Dust,5
User_43,Tipping the Velvet,4
User_43,Mesaerion: The Best Science Fiction Stories 1800-1849,2
User_43,Rip it Up and Start Again,4
User_44,"Starving Hearts (Triangular Trade Trilogy, #1)",4
User_44,In Her Wake,3
User_44,"The Coming Woman: A Novel Based on the Life of the Infamous Feminist, Victoria Woodhull",3
User_44,How Music Works,3
User_44,The Dirty Little Secrets of Getting Your Dream Job,1
User_44,Olio,3
User_44,Black Dust,1
User_44,Chase Me (Paris Nights #2),2
User_44,The Boys in the Boat: Nine Americans and Their Epic Quest for Gold at the 1936 Berlin Olympics,5
User_44,"Our Band Could Be Your Life: Scenes from the American Indie Underground, 1981-1991",4
User_44,A Light in the Attic,3
User_44,Set Me Free,2
User_44,It's Only the Himalayas,2
User_44,The Black Maria,1
User_44,"Foolproof Preserving: A Guide to Small Batch Jams, Jellies, Pickles, Condiments, and More: A Foolproof Guide to Making Small Batch Jams, Jellies, Pickles, Condiments, and More",3
User_44,Shakespeare's Sonnets,1
User_44,The Requiem Red,2
User_44,Soumission,1
User_44,Libertarianism for Beginners,3
User_44,Rip it Up and Start Again,2
User_44,Sharp Objects,3
User_44,Mesaerion: The Best Science Fiction Stories 1800-1849,4
User_45,"Starving Hearts (Triangular Trade Trilogy, #1)",4
User_45,The Black Maria,1
User_45,A Light in the Attic,1
User_45,Chase Me (Paris Nights #2),4
User_45,The Boys in the Boat: Nine Americans and Their Epic Quest for Gold at the 1936 Berlin Olympics,2
User_45,In Her Wake,1
User_45,It's Only the Himalayas,5
User_45,Set Me Free,1
User_45,Soumission,5
User_45,Libertarianism for Beginners,2
User_45,Sharp Objects,5
User_45,Sapiens: A Brief History of Humankind,2
User_45,Rip it Up and Start Again,5
User_45,The Dirty Little Secrets of Getting Your Dream Job,1
User_45,How Music Works,4
User_45,Scott Pilgrim's Precious Little Life (Scott Pilgrim #1),4
User_45,"Our Band Could Be Your Life: Scenes from the American Indie Underground, 1981-1991",2
User_45,Olio,4
User_45,Shakespeare's Sonnets,5
User_45,Tipping the Velvet,2
User_45,Black Dust,5
User_45,Mesaerion: The Best Science Fiction Stories 1800-1849,5
User_46,The Boys in the Boat: Nine Americans and Their Epic Quest for Gold at the 1936 Berlin Olympics,5
User_46,"Starving Hearts (Triangular Trade Trilogy, #1)",3
User_46,Libertarianism for Beginners,2
User_46,"The Coming Woman: A Novel Based on the Life of the Infamous Feminist, Victoria Woodhull",3
User_46,Sapiens: A Brief History of Humankind,2
User_46,The Dirty Little Secrets of Getting Your Dream Job,3
User_46,Mesaerion: The Best Science Fiction Stories 1800-1849,3
User_46,Chase Me (Paris Nights #2),3
User_46,"Foolproof Preserving: A Guide to Small Batch Jams, Jellies, Pickles, Condiments, and More: A Foolproof Guide to Making Small Batch Jams, Jellies, Pickles, Condiments, and More",2
User_46,How Music Works,5
User_46,Shakespeare's Sonnets,2
User_46,Set Me Free,4
User_46,It's Only the Himalayas,5
User_46,The Black Maria,5
User_46,Sharp Objects,3
User_46,Scott Pilgrim's Precious Little Life (Scott Pilgrim #1),4
User_46,The Requiem Red,4
User_46,Soumission,2
User_46,In Her Wake,2
User_46,"Our Band Could Be Your Life: Scenes from the American Indie Underground, 1981-1991",3
User_46,Olio,3
User_46,Rip it Up and Start Again,1
User_47,How Music Works,2
User_47,Chase Me (Paris Nights #2),5
User_47,Scott Pilgrim's Precious Little Life (Scott Pilgrim #1),4
User_47,The Dirty Little Secrets of Getting Your Dream Job,5
User_47,"Foolproof Preserving: A Guide to Small Batch Jams, Jellies, Pickles, Condiments, and More: A Foolproof Guide to Making Small Batch Jams, Jellies, Pickles, Condiments, and More",4
User_47,The Boys in the Boat: Nine Americans and Their Epic Quest for Gold at the 1936 Berlin Olympics,1
User_47,Sharp Objects,2
User_47,It's Only the Himalayas,1
User_47,The Black Maria,3
User_47,Tipping the Velvet,2
User_47,Set Me Free,2
User_47,"The Coming Woman: A Novel Based on the Life of the Infamous Feminist, Victoria Woodhull",1
User_47,Libertarianism for Beginners,3
User_47,A Light in the Attic,1
User_47,Sapiens: A Brief History of Humankind,1
User_47,The Requiem Red,1
User_47,"Our Band Could Be Your Life: Scenes from the American Indie Underground, 1981-1991",1
User_47,Mesaerion: The Best Science Fiction Stories 1800-1849,4
User_47,Soumission,2
User_47,In Her Wake,2
User_47,Black Dust,4
User_47,"Starving Hearts (Triangular Trade Trilogy, #1)",3
User_48,A Light in the Attic,4
User_48,"Foolproof Preserving: A Guide to Small Batch Jams, Jellies, Pickles, Condiments, and More: A Foolproof Guide to Making Small Batch Jams, Jellies, Pickles, Condiments, and More",1
User_48,Olio,3
User_48,It's Only the Himalayas,2
User_48,Mesaerion: The Best Science Fiction Stories 1800-1849,3
User_48,"Our Band Could Be Your Life: Scenes from the American Indie Underground, 1981-1991",4
User_48,Set Me Free,2
User_48,Tipping the Velvet,4
User_48,Sapiens: A Brief History of Humankind,1
User_48,The Boys in the Boat: Nine Americans and Their Epic Quest for Gold at the 1936 Berlin Olympics,3
User_48,The Black Maria,4
User_48,How Music Works,4
User_48,Libertarianism for Beginners,3
User_48,Scott Pilgrim's Precious Little Life (Scott Pilgrim #1),5
User_48,The Requiem Red,3
User_48,In Her Wake,2
User_48,Rip it Up and Start Again,1
User_48,The Dirty Little Secrets of Getting Your Dream Job,3
User_48,"The Coming Woman: A Novel Based on the Life of the Infamous Feminist, Victoria Woodhull",4
User_48,Shakespeare's Sonnets,2
User_48,Black Dust,2
User_48,Sharp Objects,4
User_49,Sapiens: A Brief History of Humankind,3
User_49,Sharp Objects,4
User_49,The Black Maria,5
User_49,Scott Pilgrim's Precious Little Life (Scott Pilgrim #1),2
User_49,"The Coming Woman: A Novel Based on the Life of the Infamous Feminist, Victoria Woodhull",2
User_49,Libertarianism for Beginners,3
User_49,Black Dust,1
User_49,"Our Band Could Be Your Life: Scenes from the American Indie Underground, 1981-1991",4
User_49,"Starving Hearts (Triangular Trade Trilogy, #1)",3
User_49,Olio,3
User_49,How Music Works,2
User_49,In Her Wake,3
User_49,A Light in the Attic,5
User_49,Chase Me (Paris Nights #2),5
User_49,The Boys in the Boat: Nine Americans and Their Epic Quest for Gold at the 1936 Berlin Olympics,4
User_49,It's Only the Himalayas,4
User_49,Tipping the Velvet,5
User_49,Mesaerion: The Best Science Fiction Stories 1800-1849,4
User_49,Rip it Up and Start Again,4
User_49,Set Me Free,4
User_49,Shakespeare's Sonnets,4
User_49,"Foolproof Preserving: A Guide to Small Batch Jams, Jellies, Pickles, Condiments, and More: A Foolproof Guide to Making Small Batch Jams, Jellies, Pickles, Condiments, and More",4
User_50,The Boys in the Boat: Nine Americans and Their Epic Quest for Gold at the 1936 Berlin Olympics,3
User_50,The Black Maria,4
User_50,In Her Wake,1
User_50,Olio,5
User_50,Chase Me (Paris Nights #2),4
User_50,"The Coming Woman: A Novel Based on the Life of the Infamous Feminist, Victoria Woodhull",3
User_50,It's Only the Himalayas,2
User_50,Black Dust,3
User_50,Soumission,3
User_50,Set Me Free,5
User_50,Scott Pilgrim's Precious Little Life (Scott Pilgrim #1),5
User_50,How Music Works,2
User_50,Shakespeare's Sonnets,5
User_50,A Light in the Attic,1
User_50,"Our Band Could Be Your Life: Scenes from the American Indie Underground, 1981-1991",5
User_50,The Dirty Little Secrets of Getting Your Dream Job,2
User_50,Libertarianism for Beginners,2
User_50,Rip it Up and Start Again,5
User_50,Tipping the Velvet,4
User_50,"Starving Hearts (Triangular Trade Trilogy, #1)",4
User_50,The Requiem Red,2
User_50,Mesaerion: The Best Science Fiction Stories 1800-1849,5
